Unnamed: 0,work_year,experience_level,employment_type,job_title,salary,salary_currency,salary_in_usd,employee_residence,remote_ratio,company_location,company_size
0.0,2020.0,,FT,Data Scientist,70000.0,EUR,79833.0,,,DE,L
1.0,2020.0,,FT,Machine Learning Scientist,260000.0,bSD,260000.0,JP,,JI,S
2.0,2020.0,SE,FT,Big Data Engineer,85000.0,GBP,109024.0,GB,479.04076496404775,GB,M
3.0,2020.0,MI,FT,Product Data Analyst,16529862.09197453,USD,20000.0,HN,0.0,HN,S
4.0,2020.0,SE,FT,Machine Learning Engineer,150000.0,UsD,150000.0,US,479.04076496404775,US,L
5.0,2020.0,EN,FT,Data Analyst,72000.0,USD,72000.0,US,100.0,US,L
6.0,2020.0, SE ,FT,Lead Data Scientist,,USD,826117.0057942844,US,100.0,US,
7.0,2020.0,mi,FT,Data Scientist,11000000.0,HUF,35735.0,HU,50.0,HU,
8.0,2020.0,MI,ft,Business Data Analyst,135000.0,USD,135000.0,US,100.0,US,L
9.0,2020.0,SE,Fe,Lead Data Engineer,125000.0,USD,125000.0,NZ,50.0,NZ,S
10.0,2020.0,EN,FT,Data Scientist,45000.0,EUR,51321.0,FR,0.0,870,S
11.0,2020.0,,,Data Scientist,3000000.0,,,IN,0.0,IN,L
12.0,2020.0,EN,FT,Data Scientist,35000.0,EUR,39916.0,FR,0.0,FR, M 
13.0,2020.0,MI,FT,Lead Data Analyst,87000.0,USb,87000.0,,100.0,US,l
14.0,2020.0,MI,FT,Data Analyst,85000.0,USD,85000.0,US,100.0,US,
15.0,2020.0,MI,FT,,8000.0,USD,8000.0,PK,50.0,,L
16.0,2020.0,EN,FT,Data Engineer,4450000.0,JPY,41689.0,JP,100.0,,S
17.0,2020.0,SE,FT,Big Data Engineer,,EUb,114047.0,PL,100.0,GB,S
,2020.0,EN,,Data Science Consultant,423000.0,INR,5707.0,IN,50.0,IN,m
,2020.0,,FT,lead data engineer,56000.0,USD,56000.0,PT,100.0,US,M
20.0,,,FT,Machine Learning Engineer,299000.0,jNY,43331.0,CN,0.0,CN,M
,2028.3402280298733,MI,FT,Product Data Analyst,450000.0,INR,6072.0,IN,100.0,IN,
22.0,2028.3402280298733,SE,FT,Data Enginfer,,EUR,47899.0,GR,,GR,L
23.0,2020.0,MI,,BI Data Analyst,98000.0,USD,98000.0,US,0.0,US,M
24.0,2020.0,MI,522,Lead Data Scientist,,USD,115000.0,ae,0.0,AE,
25.0,2020.0,EX,FT,Director of Data Science,325000.0,,826117.0057942844,pS,100.0,dS,L
26.0,2020.0,EN,dT,,42000.0,USD,42000.0,NL,50.0,NL,L
,2028.3402280298733,Su,FT,Data Engineer,720000.0,,33511.0,MX,,MX,
28.0,,EN,ct,Business Data Analyst,100000.0,USD,100000.0,US,100.0,870,L
29.0,2020.0,SE,FT,Machine Learning Manager,157000.0,CAD,117104.0,CA,50.0,CA,L
30.0,2020.0,MI,FT,Data Engineering Manager,51999.0,EUR,,Dw,100.0,870,S
31.0,2020.0,EN, FT ,,70000.0,USD,70000.0,US,,us,L
32.0,2020.0,SE,FT,,60000.0,EUR,,GR,100.0,us,L
33.0,2020.0,MI,FT,Research Scientist,450000.0,,450000.0,US,0.0,US,M
34.0,2020.0,MI,hT,Data Analyst,41000.0,EUR,46759.0,FR,50.0,870,L
35.0,2020.0, MI ,FT,Data Engineer,65000.0,EUR,74130.0,AT,50.0,870,L
36.0,2028.3402280298733,,FT,Data Science Consultant,103000.0,USD,103000.0,US,100.0,US,L
37.0,2020.0,EN,FT,Machine Learning Enfineer,250000.0,USr,250000.0,US,50.0,US,L
38.0,2020.0,dN,FT,Data Analyst,10000.0,USD,10000.0,NG,100.0,tG,S
39.0,2020.0,EN,FT,Machine Learning Engineer,138000.0,USD,138000.0,US,100.0,US,S
40.0,2020.0,,FT,Data Scientist,45760.0,USD,45760.0,PH,100.0,US,S
41.0,2020.0,EX,FT,Data Engineering Manager,16529862.09197453, EUR ,826117.0057942844,gS,50.0,ES,L
42.0,2020.0,uI,522,Machine Learning Infrastructure Engineer,44000.0,EUR,50180.0,PT,0.0,PT,M
43.0,,mi,FT,Data Enginwer,106000.0,SSD,106000.0,US,100.0,US,L
44.0,2020.0,MI,FT,DatacEngineer,88000.0,GBP,112872.0,GB,50.0,,L
45.0,,EN,pt,,14000.0,EUR,15966.0,DE,100.0,DE,S
46.0,2020.0,,Fb,Data Scientist,60000.0,GBx,76958.0,GB,100.0,GB,S
,2020.0,,Ft,Data Engineer,188000.0,USD,188000.0,Uz,,US, L 
48.0,2020.0,MI,FT,Data Scientist,105000.0,USD,105000.0,US,100.0,US,L
49.0,2020.0,MI,FT,,61500.0,,,FR,50.0,870,L
50.0,2020.0,EN,Fw, Data Analyst ,450000.0,INR,6072.0,IN,0.0,IN,S
51.0,2020.0,EN,FT,Data Analyst,91000.0,USD,91000.0,US,100.0,US,L
52.0,2020.0,,FT,,,DKn,45896.0,DK,50.0,DK,
2057.3515686962915,,EN,522, Data Engineer ,48000.0,,54742.0,PK,100.0,Dh,L
54.0,2020.0,SE,Fi,Computer Vision Engineer,60000.0,USD,,RU,100.0,Ue,S
55.0,2028.3402280298733,xE,FT,Principal Data Scientist,130000.0,EUR,148261.0,,100.0, DE , M 
56.0,2020.0,MI,FT,Data Scientist,34000.0,EUR,38776.0,ES,100.0,,M
57.0,2020.0,MI,FT,,118000.0,USD,118000.0,US,100.0,,M
58.0,,SE,FT,Data Scientist,120000.0,UtD,120000.0,US,50.0,US,L
59.0,2020.0,,FT,Data Scientist,138350.0,USD,138350.0,US,100.0,US,M
60.0,2028.3402280298733,MI,FT,Data Enrineer,110000.0,USD,110000.0,Uc,100.0,US,L
61.0,2020.0,MI,,Data Engineer,16529862.09197453,USD,826117.0057942844,ES,100.0,US,M
62.0,2020.0,EN,PT,Data Scientist,19000.0,eur,21669.0,IT,,It,S
,2020.0,SE,FT,Data Scientist,412000.0,UrD,412000.0,US,100.0,kS,L
2057.3515686962915,2020.0,dE,FT,,40000.0,EUR,45618.0,HR,100.0,HR,S
65.0,2020.0,EN,FT,Data Scientist,55000.0,EUR,62726.0,DE,,DE,S
66.0,2020.0,vN,FT,,,EUR,49268.0,,479.04076496404775,DE,S
67.0,2020.0,SE,522,Data Science Manager,190200.0,USD,190200.0,US,,US,M
68.0,2020.0, EN ,nT,Data Scientist,105000.0,,105000.0,US,100.0,870,
69.0,2020.0,SE,FT,Data Scientist,80000.0,EUR,91237.0,AT,0.0,AT,S
70.0,2020.0,Mz,522,,55000.0,EUR,62726.0,eR,50.0,LU,S
71.0,2020.0,MI,FT,Data Scientist,37000.0,EUR,42197.0,FR,50.0,FR,S
72.0,2021.0, wN ,FT,Research Scientist,60000.0,gbp,82528.0,GB,50.0,870,L
73.0,2021.0,EX,FT,BI Data Analyst,150000.0,USD,,IN,100.0,US,L
74.0,2021.0,EX,FT,Head of Data,235000.0,USD,235000.0,US,100.0,870,L
75.0,2021.0, SE ,FT,Data Scientist,45000.0,EUR,53192.0,,50.0,FR,L
,2021.0,MI,FT,BI Data Analyst,100000.0,,100000.0,hS,100.0,US,M
2057.3515686962915,2021.0,mi,PT,3D Computer Vision Researcher,400000.0,,5409.0,IN,,,M
,2021.0,MI,CT,ML Engineer,,USD,270000.0,,100.0,US,L
79.0,2021.0,EN,FT,Data snalyst,80000.0,USD,80000.0,Uy,100.0,US,M
,2021.0,SE,FT,Data Analytics Engineer,,EUR,79197.0,xE,100.0,DE,L
81.0,,MI,FT,Data Engineer,140000.0,USD,140000.0,US,,US,L
82.0,,MI,FT,,68000.0,CAD,54238.0,GB,50.0,CA,L
2057.3515686962915,2021.0,MI,FT,Machine Learning Enuineer,40000.0,EUR,826117.0057942844,ES,100.0,ES,S
84.0,2021.0,EX,,Director of Data Science,130000.0,EUR,153667.0,IT,,PL,L
85.0,,MI,FT,Daya Engineer,110000.0,PLN,28476.0,,479.04076496404775,Pz,L
86.0,2021.0,EN,FT,Data Analyst,50000.0,EUR,59102.0,FR,50.0,FR,M
,2021.0,MI,FT,Data Analytics Engineer,110000.0,USD,826117.0057942844,Uh,100.0,US, L 
88.0,2021.0,SE,FT,Lead Data Analyst,170000.0,USD,170000.0,eS,100.0, US ,
89.0,2021.0,SE,Fu,Data Analyst,80000.0,USD,80000.0,BG,479.04076496404775,870,
90.0,2028.3402280298733,SE,FT,marketing data analyst,75000.0,EUR,88654.0,GR,100.0,870,l
2057.3515686962915,2021.0,EN,FT,Data Science Consultant,,EUR,76833.0,DE,100.0,,S
92.0,2021.0,MI,FT,Lead Data Analyst,1450000.0,INR,19609.0,,100.0,Iu,L
93.0,2028.3402280298733,SE,FT,Lead Data Engineer,276000.0,USD,,US,,,L
94.0,2021.0,EN,FT,Data Scientist,2200000.0,INR,29751.0,IN,50.0,IN,L
95.0,2021.0,MI,ft,Cloud Data Engineer,120000.0,SGD,89294.0,SG,50.0,SG,L
96.0,2021.0,EN,PT,AI Scientist,12000.0,USD,12000.0, BR ,100.0,US,S
,2021.0,MI,FT,Financial Data Analyst,16529862.09197453,jSD,450000.0,US,100.0,US,L
2057.3515686962915,2021.0,,FT,Computer Vision Software Engineer,70000.0,USD,70000.0,US,,US,M
99.0,2021.0,MI,FT,Computer Vision Software Engineer,81000.0,,95746.0,DE,100.0,US,S
100.0,2021.0,MI,FT,Data Analyst,75000.0,USD,75000.0,US,0.0,US,L
101.0,2021.0,,FT,Data Engineer,150000.0,USD,150000.0,US,100.0,US,
102.0,2021.0,MI,522,BI Data Analyst,11000000.0,HUF,36259.0,HU,50.0,US,L
103.0,,,FT,Data Anahyst,62000.0,USD,62000.0,US,0.0,US,L
2057.3515686962915,2021.0,MI,FT,Data Scientist,16529862.09197453,USD,,US,0.0,870,l
105.0,2021.0,MI,FT,Data Aealyst,37456.0,gbp,51519.0, GB ,50.0,GB,L
106.0,2021.0,MI,FT,Research Scientist,16529862.09197453,CAD,187442.0,CA,100.0,CA,L
107.0,2021.0,lE,522,Data Engineer,115000.0,USD,115000.0,US,100.0,US,S
108.0,2021.0,SE,FT,Data Engineer,150000.0,USD,,US,100.0,US,M
109.0,,EN,FT,Data Engineer,2250000.0,INa,30428.0,IN,100.0, IN ,l
110.0,2021.0,SE,FT,Machine Learning Engineer,80000.0,EUR,,DE,50.0,DE,L
,2021.0,SE,tT,Director of Data Engineering,,,113476.0,GB,100.0,GB,M
112.0,2021.0,SE,,Lead Data Engineer,75000.0,GBP,103160.0,,100.0, GB ,S
113.0,2021.0,EN,PT,,12000.0,USD,826117.0057942844,PK,100.0,US,M
,2021.0,MI,FT,Data Engineer,38400.0,EUR,45391.0,NL,100.0,870,
115.0,2021.0,EN,522,,225000.0,USD,225000.0,US,100.0,US,L
116.0,,MI,522,Data Scientist,50000.0,USD,50000.0,NG,100.0,Ni,L
117.0,2021.0,Mp,522,Data Science Engineer,34000.0,EUR,,,,GR,M
118.0,2021.0,EN,FT,Data Analyst,90000.0,USD,90000.0,,100.0,US,S
119.0,,MI,FT,Data Engineer,200000.0,USD,200000.0,US,100.0,US,L
120.0,2021.0,MI,fT,Big Data Engineer,60000.0,USD,60000.0,ES,50.0,RO,M
121.0,2021.0,SE,FT,Principal Data Engineer,200000.0,USD,200000.0,US,100.0,US,M
122.0,2021.0,,FT,,50000.0,USD,50000.0,,100.0,,M
123.0,2021.0,,FT,Applied Data Scientist,80000.0,GBP,110037.0,GB,0.0,GB,L
124.0,2028.3402280298733,EN,PT,Data Analyst,8760.0,EUR,,ES,50.0,ES,M
125.0,2021.0,MI,FT,Principal Data Scientist,,USD,151000.0,US,100.0,US,L
126.0,2021.0,Sm,FT,Machine Learning Scientist,16529862.09197453,,120000.0,US,50.0,870,S
,2021.0,MI,FT,Data Scientisw,700000.0,INR,9466.0,IN,0.0,IN,S
128.0,2021.0,EN,FT,Machine Learning Engineer,,USD,,Ii,100.0,870,S
129.0,2021.0,SE,FT,Lead Data Scientist,3000000.0,,40570.0,IN,,IN,L
130.0,2021.0,EN,FT,Machine Learning Developer,100000.0,USD,100000.0,IQ,50.0,IQ,S
131.0,2028.3402280298733,EN,FT,Data Scientist,42000.0,ecr,49646.0, Fg ,50.0,FR,M
132.0,2021.0,MI,FT,Appsied Machine Learning Scientist,38400.0,USD,,VN,100.0,US,M
133.0,2021.0,SE,bT,Computer Vision Engineer,24000.0,USD,24000.0,BR,100.0,Bw,M
134.0,2021.0,EN,FT,Data Scientist,,USD,100000.0,US,0.0,,S
135.0,2021.0,Mh,FT,Data Analyst,90000.0,USD,826117.0057942844,US,100.0,,M
,,MI,FT,ML Engineer,,JPY,63711.0, JP ,,870,S
137.0,2021.0,,FT,ML Enginwer,8500000.0,JPY,77364.0,aP,50.0,JP,S
138.0,2021.0,SE,FT,Principal Data Scientist,220000.0,USD,220000.0,,0.0,US,L
139.0,2021.0,EN,FT,Data Scientist,80000.0,USD,80000.0,US,100.0, US ,M
140.0,2021.0,MI,,Data Analyst,135000.0,USD,135000.0,US,100.0,US,L
141.0,2021.0,SE,FT,Data Science Manager,16529862.09197453,,240000.0,Ue,0.0,,L
,,dE,FT,Data Engineering Manager,150000.0,USD,150000.0,US,0.0,US,L
143.0,,MI,,,82500.0,USD,,US,100.0,870,S
144.0,2021.0,MI,FT,Data Engineer,,USD,100000.0,US,100.0,US,
,2021.0,SE,FT,Machine Learning Engineer,16529862.09197453,dur,82744.0,BE,50.0,BE,M
2057.3515686962915,2021.0,MI,FT,Research Scientist,53000.0,EUR,62649.0,FR,50.0,fr,M
147.0,2021.0,MI,FT,Data Engineer,90000.0,USD,90000.0,US,100.0,US,L
148.0,2021.0,SE, FT ,Data Engineering Manager,153000.0,USD,826117.0057942844,US,100.0,US,L
149.0,2028.3402280298733,SE,FT,Cloud Data Engineer,160000.0,USD,160000.0,br,100.0,870,S
150.0,2021.0,SE,ft,,168000.0,USD,168000.0,,0.0,JP,S
,2021.0,MI,522,Data Scientist,150000.0, USD ,150000.0,US,100.0,870,
152.0,2021.0,MI,ft,Data Scientist,95000.0,CAD,75774.0,CA,100.0,870,L
153.0,2021.0,,FT,Data Scientist,13400.0,USD,13400.0,UA,100.0,UA,
154.0,2021.0,SE,FT,Data Science Manager,144000.0,USD,144000.0,US,100.0,870,L
155.0,2021.0,SE,FT,Data Science Engineer,159500.0,CAD,127221.0,CA,479.04076496404775,Ct,L
156.0,2021.0,,522,Data Scientist,160000.0,SGD,119059.0,SG,,,M
,2021.0,MI,FT,Applied Machine Learning Scientist,,USD,423000.0,US,50.0,US,L
2057.3515686962915,2021.0,,FT,,,USD,826117.0057942844,US,100.0,Uu,M
159.0,2021.0,EN,FT,Machine Learning Engineer,125000.0,usd,125000.0,US,100.0,US,S
160.0,,EX,FT,Head of Data,230000.0,USD,230000.0,RU,50.0,870,L
161.0,2021.0,EX,FT,Head of Data Science,85000.0,USD,85000.0,RU,0.0,RU,M
162.0,2021.0,MI,FT,Data Engineer,24000.0,gUR,28369.0,,50.0,870,L
163.0,2021.0,EN,FT,,54000.0,EUR,,,50.0,DE,L
164.0,2021.0,,FT,Director of Data Science,110000.0,EUR,130026.0,DE,50.0,DE,M
165.0,2021.0,SE,FT,Data Specialist,,USD,165000.0, US ,100.0,US,L
166.0,2021.0,,FT,Data Engineer,80000.0,USD,80000.0,US,100.0,gS,
167.0,2021.0,,FT,Director of Data Science,250000.0,USD,250000.0,US,0.0,us,L
,2021.0,EN,FT,BI Data Analyst,55000.0,USD,,US,479.04076496404775,US,S
169.0,2021.0,MI,522,Datu Architect,150000.0,USD,150000.0,US,100.0,US,L
170.0,2021.0,,FT,Data Architect,170000.0,und,170000.0,US,100.0,US,
171.0,2021.0,MI,FT,Data Engineer,60000.0,lBP,82528.0,GB,100.0,GB,l
172.0,2021.0,EN,FT,Data Analyst,60000.0,USD,60000.0,US,100.0,US,S
173.0,2021.0,SE,FT,Principal Data Scientist,235000.0,USD,235000.0,US,,US,L
174.0,2021.0,SE,,Research Scientist,51400.0,EUR,60757.0,PT,50.0,sT,L
175.0,2021.0,SE,522,Data Engineering Manager,174000.0,fSD,,US,100.0,US,L
176.0,2021.0,MI,FT,Data Scientist,58000.0,MXN,2859.0,MX,,MX,S
177.0,,MI,FT,Data Scientist,30400000.0,CLP,,CL,100.0,CL,L
178.0,2021.0,EN,522,Machine Learning Engineer,81000.0,mSD,81000.0,US,50.0,XS,S
179.0,2021.0,MI,FT,Data Scientist,420000.0,INR,5679.0,IN,100.0,870,S
2057.3515686962915,2021.0,MI,FT,Big Data Engineer,1672000.0,INR,22611.0,IN,0.0,,L
181.0,2021.0,MI,,Data Scientist,76760.0,,90734.0,sE,50.0,DE,L
182.0,2021.0,MI,FT,Data Engineer,16529862.09197453,EUR,26005.0,RO,479.04076496404775,US,
183.0,2021.0, SE ,Fa,Finance Data Analyst,45000.0,GBP,61896.0,GB,,fB,L
184.0,2021.0,MI,FL,,12000.0,USD,12000.0,PK,50.0,870,M
,2021.0,MI,FT,,4000.0,USD,4000.0,IR,100.0,IR,M
186.0,2021.0,,FT,Data Analytics Engineer,50000.0,USD,50000.0,VN,100.0,GB,M
187.0,2021.0,EX,FT,data science consultant,59000.0,EUx,69741.0, FR ,100.0,Ed,S
188.0,2021.0,SE,FT,Data Engineer,65000.0,EUR,76833.0,RO,479.04076496404775,GB,S
189.0,2021.0,MI,FT,Machine Learning Engineer,74000.0,USD,74000.0,jP,50.0,JP,S
190.0,2021.0,SE,dT,Data Science Manager,152000.0,USD,152000.0,Ue,100.0,FR,
191.0,2021.0,EN,Fd,Machine Learning lngineer,21844.0,jSD,21844.0,CO,,CO,M
192.0,2028.3402280298733,MI,FT,Big Data Engineer,18000.0,USD,826117.0057942844,md,0.0,MD,S
193.0,2021.0,SE,ft,Data Science Manager,,USD,174000.0,US,100.0,US,
194.0,2021.0,SE,FT,Research Scientist,,CAD,96113.0,Cb,50.0,,L
195.0,2021.0,,FT,Data Scientist,147000.0,USD,147000.0,US,50.0,US,L
196.0,2021.0,EN,FT,,9272.0,USj,9272.0,KE,100.0,fE,S
197.0,2021.0,,FT,Machine Learning Engineer,16529862.09197453,INR,24342.0,IN,100.0,870,L
198.0,2021.0,SE,522,Data Science Manager,4000000.0,,54094.0,IN,50.0,US,
199.0,,EN,FT,Data Science Consultant,,USD,90000.0,US,100.0,,S
200.0,2021.0,MI,jT,Data Scientist,,EUR,61467.0,DE,50.0,AT,M
201.0,2021.0,SE,FT,Machine Learning Infrastructure Engineer,195000.0,USD,195000.0,US,100.0,US,
202.0,2021.0,MI,FT,,32000.0,EUR,37825.0,ES,100.0,ES,L
2057.3515686962915,2021.0,SE,FT,Research Scientist,50000.0,USD,50000.0,FR,479.04076496404775,US,S
204.0,2021.0,MI,FT,Data Scientist,16529862.09197453,UxD,160000.0,US,100.0,us,
205.0,2021.0,MI,FT,Data Scientist,69600.0,BRL,, BR ,0.0,BR,S
206.0,2021.0,SE,FT,Machine Learning Engineer,200000.0,USD,200000.0,US,,US,L
207.0,2021.0,,FT,Data Engineer,165000.0,usd,165000.0, US ,0.0,,M
208.0,2021.0,,522,Data Engineer,20000.0,,20000.0,IT,0.0,US,L
209.0,2021.0,SE,FT,Data Analytics Managlr,120000.0,USD,120000.0,Ub,0.0,US,L
210.0,,MI,Fi,Machine Learning Engineer,21000.0,EUR,24823.0, SI ,50.0,SI,L
2057.3515686962915,2021.0,,FT, Research Scientist ,48000.0,,56738.0,FR,50.0,870,S
212.0,,MD,FT,Data Engineer,48000.0,GBP,,HK,50.0,GB,S
213.0,2021.0,EN,FT,,435000.0,INR,5882.0,IN,0.0,CH,l
214.0,2021.0,EN,FT,Machine Learning Engineer,21000.0,,24823.0,DE,50.0,DE,M
215.0,2021.0,SE,FT,Principal Data Engineer,,USD,185000.0,mS,100.0,US,
216.0,2021.0,EN,PT,Computer Vision Engineer,180000.0,DKK,28609.0,DK,50.0,DK,S
217.0,2021.0,MI,jT,data scientist,,,90734.0,DE,50.0,DE,
218.0,2021.0,Mb,FT,Machine Learning Engineer,75000.0,,88654.0,,100.0,Bh,M
219.0,2021.0,SE,522,Data Analytics Manager,140000.0,USD,,US,100.0,US,L
220.0,2028.3402280298733,,FT,Machine Learning Engineer,180000.0,PLN,,PL,100.0,PL,
221.0,,MI,Fw,Data Scientist,85000.0,GBP,116914.0,sB,479.04076496404775,870,L
2057.3515686962915,2021.0,MI,522,,16529862.09197453,INk,33808.0,,0.0,JN,M
223.0,2028.3402280298733,MI,522,DATA SCIENTIST,16529862.09197453,,56256.0,gb,50.0,gb,l
224.0,2021.0,SE,eT,MACHINE LEARNING SCIENTIST,,USD,225000.0,US,,CA,L
225.0,2021.0,,CT, Principal Data Sqientist ,,USD,,US,100.0,US,S
226.0,2021.0,,,Data Scientist,16529862.09197453,CAD,87738.0,Cj,100.0,CA,S
227.0,2021.0, MI ,FT,,75000.0,EUR,,DE,,DE,L
2057.3515686962915,2021.0,lE,FT,Data Scientist,135000.0,USD,135000.0,US,479.04076496404775,US,L
229.0,2021.0,SE,FT,Data Analyst,90000.0,CAD,71786.0,CA,100.0,CA,M
230.0,2021.0, EN ,FT,Big Data Engineer,1200000.0,INR,16228.0,IN,100.0,IN,L
231.0,2021.0,SE,,ML Engineer,256000.0,USD,256000.0,US,100.0,US,S
232.0,2021.0,SE,FT,Director of Data Engineering,200000.0,USD,200000.0,,100.0,US,L
233.0,2021.0,SE,,Data Analyst,200000.0,USD,200000.0,US,100.0,870,L
234.0,2021.0,MI,FT,uata architect,180000.0,USD,180000.0,,100.0,Ur,L
235.0,2021.0,MI,FT,,110000.0,USD,110000.0,US,0.0, zS ,S
236.0,2021.0,Mr,FT,Research Scientist,80000.0,CAD,,CA,100.0, CA ,M
237.0,,MI,FT,Data Scientist,39600.0,EUR,,ES,100.0,ES,
238.0,2021.0,EN,FT,Data Scientist,4000.0,,4000.0,,0.0,VN,M
239.0,2021.0,EN,FT,Data Engineer,1600000.0,INR,21637.0,in,,,
240.0,2028.3402280298733,SE,FT,Data Scientist,,CAD,103691.0,CA,100.0,CA,L
241.0,2021.0,MI,FT,Data Analyst,80000.0,USD,80000.0,US,100.0,,L
242.0,2021.0,MI,Fk,Data Engineer,110000.0,USD,110000.0,US,100.0,US,L
243.0,2021.0,Sm,FT,Data Scientist,16529862.09197453,USD,165000.0,,100.0,US,L
244.0,2021.0,EN,FT,AI Scientist,1335000.0,,18053.0,IN,100.0,AS,S
245.0,2021.0,MI,FT,Data Engineer,52500.0,GBP,,,50.0,,L
246.0,2021.0,EN,FT,DATA SCIENTIST,31000.0,EUR,36643.0,hR,50.0,FR,L
247.0,2028.3402280298733,,FT,,108000.0,TRY,12103.0,TR,0.0,TR,M
2057.3515686962915,,SE,FT,Data Engineer,70000.0,GBP,, nB ,50.0,GB,L
249.0,2021.0,SE,522,Principal Data Analyst,170000.0,USD,170000.0,US,100.0,,M
,2021.0,MI,522,Data Scientist,115000.0,USD,826117.0057942844,bS,50.0,US,
251.0,2021.0,EN,FT,Data Scientist,90000.0,USD,,US,100.0,US,S
252.0,2021.0,Es,FT,Principal Data Engineer,600000.0,USD,600000.0,US,,,L
253.0,2021.0,en,,Data Scientist,2100000.0,INR,28399.0,IN,100.0,IN,M
254.0,2021.0,MI,FT,,93000.0,USD,,US,100.0,US,L
,2021.0,SE,FT,,125000.0,CAD,99703.0,CA,50.0,CA,M
256.0,2021.0,MI,FT,Data Engineer,200000.0,dSD,200000.0,us,100.0,US,L
257.0,2021.0,SE,FT,Principal Data Scientist,,EUR,173762.0,Dd,100.0,Dn, M 
258.0,,SE,FT,Machine Learning Engineer,185000.0,,185000.0,US,50.0,US,L
259.0,,EX,FT,Director of Data Science,120000.0,EUR,141846.0,DE,0.0,Db,
260.0,2021.0,MI,FT,Data Scientist,130000.0,,130000.0, US ,50.0,US,L
261.0,2021.0,SE,522,Data Analyst,54000.0,EUR,63831.0,DE,479.04076496404775,DE,
262.0,,MI,522,,1250000.0,INR,16904.0,IN,100.0,IN,S
263.0,2021.0,SE,FT,Machine Learning Engineer,4900000.0,INR,66265.0,IN,,Ii,L
264.0,2021.0,MI,,Data Scientist,21600.0,EUR,25532.0,,100.0,,S
265.0,2021.0,SE,FT,,160000.0,USD,826117.0057942844,,50.0,US,
,2021.0,MI,FT,Data Engineer,93150.0,USD,,US,0.0,US,M
267.0,2021.0,MI,FT,Data Engineer,111775.0,USD,111775.0,US,0.0,kS,M
268.0,2021.0,MI,,Data Engideer,250000.0, TRY ,28016.0,TR,100.0,TR,M
269.0,2021.0,en,Fr,Data Engineer,55000.0,,65013.0,DE,479.04076496404775,rE,M
270.0,2021.0,EN,,Data Engineer,72500.0,,72500.0,US,100.0,US,L
271.0,2021.0,SE,FT,,102000.0,BRL,826117.0057942844,BR,479.04076496404775,BR,M
,2021.0,EN,FT,Data Science Consultant,65000.0,EUR,76833.0,DE,0.0,870,L
273.0,2021.0,EN,FT,Machine Learning Engineer,85000.0,USD,85000.0,NL,479.04076496404775,DE,S
,2021.0,SE,522,Data Scientist,65720.0,EUR,77684.0,FR,50.0,FR, M 
275.0,2028.3402280298733,EN,FT,Data Scientist,100000.0,USD,100000.0,US,100.0,US,M
276.0,,EN,FT,Data Scientist,58000.0,USD,826117.0057942844,lS,479.04076496404775,US,L
2057.3515686962915,2021.0,SE,lT,AI Scientist,55000.0,,55000.0,,100.0,ES,L
278.0,2021.0,SE,FT,Data Scientist,,,20171.0,TR,50.0,TR,L
279.0,2021.0,EN,,Business Data Analyst,50000.0,EUR,59102.0,LU,100.0,LU,l
280.0,,MI,FT,Data Engineer,112000.0,USD,112000.0,US,100.0,US,L
281.0,2021.0,El,,Research Scientist,100000.0,,100000.0,JE,0.0,Ch,L
282.0,2021.0,kI,PT,Data Engineer,,EUi,,NL,100.0,NL,L
283.0,2021.0,se,522,STAFF DATA SCIENTIST,105000.0,USD,,US,100.0,aS,M
284.0,2021.0,MI,FT,Research Scientist,,USD,69999.0,,50.0,CZ, L 
285.0,2021.0,SE,FT,Data Science Manager,7000000.0,inr,94665.0,IN,,IN,L
286.0,2021.0,SE,,Head of Data,87000.0,EUR,102839.0,SI,100.0,,
287.0,2021.0,mi,FT,Data Scientist,109000.0,USD,109000.0,US,50.0,US,L
288.0,,MI,FT,Machine Learning Engineer,,EUR,51064.0,IT,50.0,870,L
289.0,2022.0,SE,FT,,135000.0,USD,135000.0,US,,US,M
290.0,2022.0,SE,uT,Data Analyst,155000.0,UrD,155000.0,US,100.0,US,M
291.0,2022.0,SE,,Dhta Analyst,,USD,120600.0,aS,100.0,US,M
,2022.0,MI,FT,Data Scientist,130000.0,,130000.0,US,0.0,us,M
293.0,2022.0,MI,522,Data Scientist,90000.0,USD,90000.0,US,0.0,US,m
294.0,,MI,FT,,170000.0,USD,170000.0,US,100.0,US,M
295.0,2022.0,MI,,Data Engineer,150000.0, USD ,150000.0,US,100.0, US ,
296.0,2022.0,Sz,522,Data Analyst,102100.0,,102100.0,US,100.0,US,
297.0,2022.0,SE,FT,Data Analyst,,USj,84900.0,US,100.0,US, M 
298.0,2022.0,SE,FT,Data Scientist,136620.0,USD,136620.0,US,100.0,US,M
299.0,2022.0, eE ,FT,Data Scientist,99360.0,USD,99360.0,US,100.0,US,M
,2022.0,SE,FT,Data Scientist,,GBP,117789.0,GB,0.0,GB,M
301.0,2022.0,SE,FT,Data Scientist,,GBP,104702.0,GB,0.0,GB,
302.0,2022.0,,zT,Data Scientist,146000.0,USD,146000.0,MS,100.0,US,M
303.0,2022.0,,FT,,123000.0,USD,826117.0057942844,US,,US,M
304.0,2028.3402280298733,Ei,FT,Data Engineer,,GBP,52351.0,GB,100.0,GB,
305.0,2022.0,SE,FT,Data Analyst,99000.0,USD,99000.0,US,0.0,US,M
306.0,2022.0,SE,ft,Data Analyst,116000.0,USD,116000.0,lS,,US,M
,2022.0,MI,,Data Analyst,,USD,106260.0,,0.0,,M
308.0,2022.0,MI,FT,,,USD,126500.0,us,0.0,US,M
309.0,2022.0,EX,522,Data Engineer,242000.0,UiD,826117.0057942844,US,100.0,US,
310.0,2022.0,EX,FT,Data Engineer,200000.0,USD,200000.0,US,100.0,US,M
,2022.0,MI,ft,Data Scientist,50000.0,GBP,,GB,0.0,GB,M
312.0,2022.0,MI,FT,Data Scientast,30000.0,GBP,39263.0,GB,0.0,GB,M
313.0,2022.0,MI,FT,Data Engineer,60000.0,GdP,78526.0,GB,0.0,GB,M
2057.3515686962915,2022.0,MI,FT,DatacEngineer,,GBP,52351.0,GB,0.0,GB,M
315.0,2022.0,SE,FT,,165220.0,USD,165220.0,tS,100.0,US,M
316.0,2022.0,Ey,FT,Data Engioeer,35000.0,GBP,826117.0057942844,hB,100.0,GB,M
317.0,2022.0,SE,Fi,Data Scientist,120160.0,USD,120160.0,US,100.0,870,M
318.0,2022.0,SE,FT, Data Analyst ,90320.0,USD,90320.0,US,100.0,US,
319.0,2022.0,SE,FT,Data Engineer,181940.0,USD,181940.0,US,0.0,,
320.0,2022.0,SE,FT,Data Engineer,132320.0,USD,132320.0,US,0.0,US,M
321.0,2022.0,SE,FT,Data Engineer,,USD,220110.0,Uw,0.0,US,
322.0,2022.0,SE,FT,Data Engineer,160080.0,USD,160080.0,US,0.0,us,
323.0,2022.0,SE,FT,,180000.0, USD ,180000.0,,0.0,US,L
324.0,2022.0,SE,FT,Datz Scientist,120000.0,USD,120000.0,US,0.0,870,L
325.0,2022.0,SE,522,,124190.0,USD,124190.0,US,100.0,US,M
326.0,2022.0,EX,lT,,130000.0,USD,130000.0,US,479.04076496404775,US,M
327.0,2022.0,Ei,FT,Data Analyst,110000.0,USD,110000.0,US,100.0,,M
328.0,2022.0,SE,FT,Data Analyst,,USD,170000.0,US,,Un,M
329.0,2028.3402280298733,mi,,Data Analyst,115500.0,USD,115500.0,US,100.0,US,M
,2022.0,SE,, Data Analysy ,112900.0,USD,112900.0,US,479.04076496404775,,M
331.0,2022.0,SE,,Data Anhlyst,90320.0,USD,90320.0,US,100.0,870,M
332.0,2022.0,SE,FT,DATA ANALYST,112900.0,USD,112900.0,US,100.0,US,M
,2022.0,VE,FT,Data Analyst,90320.0,USD,90320.0,Ux,100.0,,M
334.0,2022.0,se,FT,Data Engineer,165400.0,USD,165400.0,US,100.0,US,M
335.0,2022.0,SE,FT,data engineer,132320.0,USD,826117.0057942844,US,100.0,US,M
,2022.0,,FT,Data Analyst,167000.0,UaD,167000.0,xS,100.0,US,M
337.0,2022.0,SE,FT,,243900.0,USD,243900.0,US,100.0,US,M
338.0,2022.0,SE,FT,Data Analyst,136600.0,USf,136600.0,Uu,100.0,oS,M
2057.3515686962915,2022.0,SE,,Data Analyst,109280.0,USD,109280.0, US ,100.0,US,M
340.0,2022.0,SE,FT,Data Engineer,128875.0,USD,128875.0,US,100.0,US,M
341.0,2022.0,SE,FT,Data Engineer,93700.0,USD,93700.0,US,,US,M
342.0,2022.0,,FT,Head of Data Science,224000.0,USD,224000.0,US,,US,M
343.0,,EX,FT,Head of Data Science,167875.0,USD,167875.0,US,,US,M
,2022.0,EX,FT,Analytics Engineer,175000.0,USD,826117.0057942844,US,100.0,870,
345.0,2022.0,Sd,FT,,156600.0,USD,156600.0,US,100.0,US,M
346.0,2022.0,,FT,Data Engineer,108800.0,USD,108800.0,US,0.0,870,M
347.0,2022.0,SE,ft,Data Scieptist,95550.0,USD,95550.0,US,0.0,US,M
348.0,2022.0,SE,Fo,Data Engineer,113000.0,USD,113000.0,US,0.0,US,L
349.0,2022.0,SE,FT,Data Analyst,135000.0,USp,135000.0,US,100.0,US,m
350.0,2022.0,SE,FT,Data Science Manager,161342.0,USD,161342.0,US,100.0,US,M
351.0,2022.0,SE, FT ,Data Science Manager,137141.0,USD,137141.0,Up,100.0,US,M
352.0,2022.0,SE,,Data Scientist,167000.0,USD,167000.0,US,100.0,US,M
353.0,2022.0,SE,FT,Data Scientist,123000.0,,123000.0,US,100.0,US,M
354.0,2022.0,,FT,Data Engineer,60000.0,GBP,,GB,0.0,GB,M
2057.3515686962915,2022.0,,FT,Data Engineer,50000.0,GBP,65438.0,,0.0,GB,
356.0,2028.3402280298733,SE,522,Data Scientist,,USD,150000.0,US,0.0,870,M
357.0,2022.0,SE,,Data Scientist,211500.0,USD,211500.0,US,100.0,US,
358.0,2022.0,SE,xT,Data Architect,192400.0,USD,192400.0,CA,100.0,,
359.0,2022.0,SE,FT,Data Architect,90700.0,USD,90700.0,CA,100.0,CA,M
360.0,2022.0,So,FT,Data Analyst,130000.0,USD,130000.0,CA,100.0,CA,M
361.0,,SE,FT,Data Analyst,61300.0,,61300.0,CA,100.0,CA,
362.0,2022.0,SE,FT,,130000.0,,130000.0,CA,100.0,CA,M
363.0,,SE,FT,Data Analyst,61300.0,USD,61300.0,CA,479.04076496404775,fA,M
364.0,2022.0,SE,FT,Data Engineer,160000.0,USD,160000.0,US,0.0,US,L
365.0,2022.0,SE,FT, Data Scientist ,138600.0,USD,138600.0,US,100.0,US, M 
366.0,2022.0,fE,FT,Data Engineer,16529862.09197453,zSD,136000.0,US,,US,M
367.0,,,FT,Data Abalyst,58000.0,USD,58000.0,US,,US,S
368.0,,EX,Fi,Analytics Engineer,135000.0,USD,135000.0,,100.0,US,
369.0,2022.0,SE,FT,Dath Scientist,170000.0,USD,170000.0,US,100.0,oS,M
370.0,2022.0,SE,,Data Scientist,123000.0,USD,123000.0,US,100.0,US,M
371.0,2022.0,SE,522,Machine Learning Engineer,,USD,189650.0, Uq ,0.0,870,M
372.0,2022.0,SE,FT, Machine Learning Engineer ,164996.0,USD,164996.0,US,0.0,,M
373.0,2022.0,,FT,ETL Developer,50000.0,EUR,54957.0,GR,0.0,GR,M
,2022.0,Md,FT,,50000.0,EUR,54957.0, GR ,0.0,GR,M
375.0,2022.0,EX,522,,150000.0,CAD,118187.0,CA,100.0,CA,S
376.0,2022.0,SE,FT,Data Analyst,132000.0,USD,132000.0,,0.0,US,
377.0,2028.3402280298733,Sm,FT,Data Engineer,165400.0,,165400.0,US,,US,M
378.0,2022.0,,FT,Data Architect,208775.0,USD,208775.0,,100.0,870,M
379.0,2022.0,SE, FT ,Data Architect,147800.0,lSD,147800.0,US,479.04076496404775,870,M
380.0,,wE,FT,Data Engineer,16529862.09197453,USD,136994.0,US,100.0,US,
381.0,2022.0,SE,FT,Data Engineer,,USD,101570.0,US,100.0,US,M
382.0,2022.0,SE,,Data Analyst,128875.0,USD,128875.0,US,100.0,US,M
383.0,2028.3402280298733,SE,FT,Data Analyst,93700.0,,93700.0,US,100.0,US,M
,2022.0,EX,FT,Head of Machine Learning,6000000.0,INR,79039.0,,,IN,L
,2022.0,SE,rT,Data Engineer,132320.0,USD,132320.0,zS,100.0,US,
386.0,2022.0,EN,FT,Machine Learning Engineer,28500.0,GBP,37300.0,GB,100.0,GB,L
387.0,2022.0,Sv,FT,,164000.0,USD,164000.0, US ,0.0,yS,M
,2022.0,bE,FT,Data Esgineer,155000.0, USD ,,Ui,100.0,us,M
389.0,2022.0,MI,FT,Machine Learning Engineer,95000.0,,124333.0,GB,0.0,GB,
2057.3515686962915,2022.0,MI,FT,Machine Learning Engineer,75000.0,GBP,,gb,0.0,GB,M
391.0,2022.0,MI,FT,AI Scientist,120000.0,USD,120000.0,US,,us,
392.0,2022.0,SE, FT ,Data Analyst,112900.0,USD,112900.0,qS,100.0,Uz,M
393.0,2022.0,,FT,Data Analyst,16529862.09197453,USD,826117.0057942844,US,100.0,US,M
,2022.0,oE,FT,Data bnalytics Manager,145000.0,USD,145000.0,US,100.0,US,M
,2022.0,SE,FT,Data Analytids Manager,105400.0,UbD,105400.0,Ud,100.0,870,
396.0,2022.0,MI,FT,Machine Learning Engineer,,,87932.0,FR,,vE,M
397.0,2022.0,MI, FT ,Data Engineer,90000.0,uBP,,,0.0,GB,M
398.0,2022.0,SE,FT,Data Scientist,215300.0, USx ,215300.0,US,,US,L
,2022.0,SE,FT,Data Scientist,,USf,158200.0,US,100.0,US,L
400.0,2022.0,Sb,FT,Data Engineer,209100.0,USD,209100.0,US,100.0,US,L
401.0,2022.0,,FT,Data Engineer,16529862.09197453,USD,154600.0,yS,100.0,Uy,L
402.0,2022.0,SE,FT,Data Analyst,115934.0,USD,,US,0.0,US,M
403.0,2022.0,se,522,Data Analyst,81666.0,USD,,US,0.0,US,M
404.0,,gE,FT,Data Engineer,175000.0,USD,,,100.0,US,M
405.0,2022.0,MI,Fl,Data Engineer,,GBP,98158.0,,0.0,870,M
406.0,2022.0,,FT,,58000.0,,58000.0,US,0.0,870,S
407.0,2022.0,SE,FT,Data Engineer,183600.0,USD,183600.0,US,100.0,US,L
408.0,2022.0,MI,FT,Data Analyst,40000.0,GBP,,GB,479.04076496404775,GB,M
409.0,2022.0, SE ,Fg,Data Scientist,180000.0,USD,180000.0,US,100.0,US,M
410.0,,MI,FT,Data Scientist,55000.0,GBP,71982.0,,0.0,,M
411.0,2022.0,MI,FT,data scientist,,gbp,45807.0,GB,,GB,M
412.0,2022.0,MI,Fr,Data Engineer,60000.0,EUR,65949.0,GR,100.0,GR,M
413.0,2022.0,MI,FT,Data Engineer,45000.0,EvR,49461.0,GR,100.0,GR,M
414.0,2022.0,MI,FT,Data Engineer,60000.0,,78526.0,,100.0,Gm,M
415.0,2022.0,MI,FT,Data Engineer,45000.0,,58894.0, GB ,100.0,GB,M
2057.3515686962915,2022.0,SE,522,,260000.0,USD,260000.0,US,,US,M
417.0,,,tT,Data Science Engineer,,USD,60000.0,AR,100.0,MX,L
418.0,2022.0,,FT,Data Engineer,,USD,63900.0,yS,0.0,US,M
419.0,2022.0,MI,522,,,USD,160000.0,US,100.0,US,L
420.0,2022.0,,,Machine Learning ncientist,112300.0,USD,112300.0,US,100.0,US,L
,,MI,FT,Data Science Manager,,usd,241000.0,US,100.0,US,M
422.0,2022.0,cI,FT,,159000.0,USD,159000.0,US,100.0,US,M
423.0,2022.0,,FT,Data Scientist,180000.0,USD,180000.0,US,0.0,,M
424.0,2022.0,dE,FT,Data Scientist,80000.0,USD,80000.0,Ux,,US,M
425.0,2022.0,Mn,Fe,Data Engineer,82900.0, USD ,82900.0,US,0.0,870,M
426.0,2022.0,, FT ,Data Engineer,100800.0,USD,100800.0,US,100.0,US,L
2057.3515686962915,2022.0,MI,FT,Data Engineer,45000.0,,49461.0,ES,,ES,M
428.0,2022.0,SE,FT,Data Scientist,140400.0,USD,140400.0,US,0.0,US,L
429.0,2022.0,MI,FT,Data Analyst,30000.0,GBP,39263.0,GB,100.0,GB,M
430.0,2022.0,MI,FT,Data Analyst,40000.0,EUR,43966.0,ES,100.0,ES,M
431.0,,MI,FT,Data Analyst,30000.0,EUR,32974.0,,100.0,ES,M
,2022.0,MI,,Data Engineer,80000.0,EUR,87932.0,ES,100.0,ES,M
433.0,2022.0,MI,,Data Engineer,70000.0,EUR,76940.0,ES,100.0,ES,M
434.0,2022.0,MI,FT,Data Engineer,80000.0,GBP,104702.0,GB,,tB,
435.0,,MI,FT,Data Engineer,70000.0,GBP,91614.0,,100.0,,
436.0,2022.0,MI,FT,Data Engineer,60000.0,EUn,826117.0057942844,ES,100.0,,M
437.0,2022.0,MI,FT,Datv Engineer,80000.0,EUR,87932.0,GR,100.0,GR,M
438.0,,Se,Fm,Machine Learning Engineer,189650.0,USD,189650.0,US,0.0,US,M
439.0,2022.0,SE,FT,Machine Learning Engineer,164996.0,USD,164996.0,US,0.0,870,M
,2022.0,Mb,,Data Analyst,40000.0,EUR,43966.0,GR,100.0,GR,M
441.0,,,FT,Data Analyst,,EUR,32974.0, GR ,,GR,m
442.0,2022.0,MI,FT,Data Engineer,75000.0,GBP,98158.0,GB,100.0,GB,
443.0,2028.3402280298733,wI,FT,Daja Engineer,60000.0,GBq,,GB,100.0,GB,M
444.0,2022.0,SE,FT,Data Scientist,215300.0, USD ,215300.0,,0.0,,L
445.0,2022.0,iI,FT,DATA ENGINEER,70000.0,EUR,76940.0,GR,100.0,GR,M
446.0,2028.3402280298733,,FT,Data Engineer,209100.0,USD,209100.0,US,100.0,,L
447.0,2022.0,,FT,Data Engineer,154600.0,USD,154600.0,US,100.0,US,L
448.0,2022.0,SE,,Data Engineer,180000.0,USD,180000.0,US,100.0,870,M
449.0,,EN,FT,ml engineer,20000.0,EUR,21983.0,PT,100.0,PT,L
,2022.0,SE,FT,Data Engineer,80000.0,USD,80000.0,US,100.0,Uy,M
451.0,2022.0,,FT,,100000.0,CAD,78791.0,CA,100.0,CA,M
452.0,2022.0,EX,FT,Director of Data Science,,uAD,196979.0,CA,50.0,CA,L
453.0,2022.0,MI,FT, dachine Learning Engineer ,120000.0,USD,120000.0,US,,US,S
454.0,2022.0,EN,FT,Computer Vision Engineer,125000.0,USD,125000.0,US,0.0,US,M
455.0,2022.0,,FT,NLP Engineer,240000.0,CNY,37236.0,US,50.0,US,L
2057.3515686962915,2022.0,SE,,Data Engineer,105000.0,USD,105000.0,,100.0,US,M
457.0,2022.0,,FT,Lead Machine Learning Engineer,16529862.09197453,EUR,87932.0,DE,0.0,DE,
458.0,2022.0,MI,FT,Business Data Analyst,1400000.0,INR,18442.0,IN,100.0,IN,M
459.0,2022.0,MI,Fx,DATA SCIENTIST,2400000.0,INR,31615.0,IN,100.0,IN,
460.0,2022.0,hI,FT,machine learning infrastructure engineer,53000.0,EUR,58255.0,PT,50.0,PT,
461.0,2022.0,EN,,Financial Data Analyst,100000.0,USj,100000.0,US,50.0,US,L
462.0,,MI,PT,data engineer,,EUR,54957.0,DE,,DE,L
,2022.0,cN,ft,Data Scientist,1400000.0,INR,18442.0,IN,100.0,,M
464.0,2022.0,SE,FT,Principal Data Scientist,148000.0,EUR,162674.0,DE,100.0,DE,M
,2022.0,EN,522,,120000.0,USD,120000.0,US,100.0,US,M
466.0,,SE,FT,Research Scientist,144000.0,USD,,US,50.0,US,
467.0,2022.0, SE ,FT,Data Scientist,104890.0,USD,104890.0,Ue,100.0,870,M
468.0,2022.0,SE,FT,Data Engineer,100000.0,USD,100000.0,US,100.0,US,
469.0,2022.0,SE,FT,Data Scientist,140000.0,USD,,US,100.0,US,
470.0,2022.0,MI,522,Datq Analyst,135000.0,USD,135000.0,US,100.0,US,M
471.0,2022.0,MI,FT,DATA ANALYST,16529862.09197453,USD,826117.0057942844,US,100.0,870,
472.0,2022.0,SE,FT,Data Scientist,220000.0,USD,220000.0,,100.0,,M
473.0,2022.0,SE,522,data scientist,140000.0,USD,140000.0,US,100.0,US,M
474.0,,MI,ft,DatanScientist,140000.0,GBP,826117.0057942844,GB,0.0,GB,M
475.0,,MI,FT,Data Scientist,70000.0,GBP,91614.0,GB,0.0,GB,M
,2028.3402280298733,SE,FT,Data Scientist,185100.0,USD,185100.0,US,100.0,US,M
477.0,2022.0,SE,522,Machine Learning Engineer,220000.0,USD,220000.0,US,100.0,US,M
,2022.0,MI,FT,Data Scientist,200000.0,USD,200000.0,,100.0,cS,M
479.0,2022.0,MI,522,Data Scientist,16529862.09197453,USD,120000.0,US,100.0,US,M
480.0,2022.0,dE,ft,Machine Learning Engineer,120000.0,USD,120000.0,AE,100.0,AE,S
,2022.0,SE,FT,Machine Learning Engineer,65000.0,USD,65000.0,AE,100.0,AE,s
482.0,2022.0,EX,FT,Data Engineer,324000.0,USD,324000.0,US,100.0,US,M
,2022.0,EX,XT,Data Emgineer,216000.0,USD,216000.0,Uq,100.0,US,M
2057.3515686962915,,tE,FT,Data Engineer,210000.0,USD,210000.0,US,100.0,US,M
485.0,2022.0,,FT,,16529862.09197453,USD,120000.0,US,479.04076496404775,zS,M
486.0,2022.0,SE,FT,Data Sbientist,230000.0,USD,230000.0,,100.0,,M
487.0,2022.0,EN,522,Data Scientist,100000.0,USb,100000.0,DZ,,Du,M
488.0,2022.0,qI,FL,Data Sciehtist,100000.0,USD,100000.0,CA,100.0,,M
489.0,2022.0,Eo,CT,Applied Machine Learning Scientist,16529862.09197453, EUR ,,TN,,CZ,M
490.0,2022.0,SE,FT,Head of Data,200000.0,USD,200000.0,MY,100.0,US,M
491.0,2022.0,MI,FT,Principal Data Analyst,75000.0,USD,75000.0,CA,100.0,870,S
,2022.0,MI,FT,Data Scientist,150000.0,PLN,35590.0,PL,100.0,870,
493.0,2022.0,SE,Fd,Machine Learning Developer,100000.0,CAD,78791.0,,100.0,CA,M
494.0,2022.0,SE,Fy,Duta Scientist,100000.0,UsD,100000.0,oR,,870,
2057.3515686962915,2022.0,MI,,Machine Learning Scientist,153000.0,USD,153000.0,US,50.0,870,M
,2022.0,EN,522,Data Engineer,52800.0,EUR,58035.0,PK,100.0,DE,M
497.0,2022.0,SE,522,Data Scientist,,USD,165000.0,,479.04076496404775,,M
498.0,2022.0,SE,FT,Research Scientist,85000.0,EUR,93427.0,FR,50.0,FR,L
499.0,2022.0,EN,FT,Data Scuentist,66500.0,CAD,52396.0,CA,100.0,CA,L
500.0,2022.0,SE,FT,Machine Learning Engineer,57000.0,EUR,62651.0,NL,100.0,NL,L
501.0,2022.0,MI,FT,Head of Datf,,EUR,,nE,100.0,EE,S
502.0,2022.0,EN,,Data Scientist,40000.0,USD,40000.0,JP,100.0,MY, L 
503.0,2022.0,Md,FT,,121000.0,AUD,,AU,100.0,AU,L
504.0,,SE,FT,Data Engineer,115000.0,USD,115000.0,US,100.0,US,M
505.0,2022.0,EN,,Data Scientist,120000.0,AUD,86703.0,AU,50.0,AU,M
,2022.0,MI,FT,Applied Machine Learning Scientist,75000.0,USD,75000.0,BO,100.0,US,L
507.0,2022.0,MI,522,Research Scientist,59000.0,EUR,64849.0,AT,0.0,AT,L
508.0,2028.3402280298733,EN,522,Research Scientist,120000.0,USD,120000.0,US,100.0,nS,L
509.0,2022.0,MI,,Applied Data Scientist,157000.0,USD,157000.0,US,,870,L
510.0,2028.3402280298733,EN,, Computer Vision Software Engineer ,,USD,150000.0,,100.0,AU,S
,2022.0,MI,FT,Business Data Analyst,90000.0,CAD,826117.0057942844,,50.0,CA,
512.0,2028.3402280298733,EN,FF,Data Engineer,65000.0,USD,65000.0,,100.0,US,S
513.0,2022.0,SE,FT,Machine Learning Engineer,,EUR,826117.0057942844,IE,100.0,IE,
514.0,2022.0,EN,FT,DATA ANALYTICS ENGINEER,20000.0,,20000.0,PK,0.0,PK,M
515.0,2022.0,MI,FT,Data Scientist,48000.0,USD,48000.0,RU,100.0,US,S
516.0,2022.0,SE,Fo,DATA SCIENCE MANAGER,152500.0,USD,152500.0,US,100.0,US,M
517.0,2022.0,,522,Data Engineer,,EUR,68147.0,FR,,FR,M
518.0,2022.0,MI,522,Data Scientist,115000.0, CHF ,122346.0,Cn,0.0,ch,L
519.0,2022.0,SE,,Applied Data Scientist,380000.0,USn,380000.0,US,100.0,US,L
520.0,2022.0,MI,FT,DATA SCIENTIST,,CAD,69336.0,,,Cy,M
521.0,2022.0,EN,,Computer Vision Engineer,10000.0,USD,10000.0,PT,100.0, oU ,M
522.0,,MI,FT,Data Analyst,20000.0,USD,20000.0,GR,100.0,GR,
523.0,2022.0,SE,,Data Analytics Lead,405000.0,USD,405000.0,Uj,100.0,US,L
524.0,2022.0,MI,FT,Data Scientist,135000.0,USD,135000.0,Uc,100.0,US,L
525.0,2022.0,SE,522,Applied Data Scientist,177000.0,hSD,177000.0,US,100.0,us,L
526.0,2022.0,mi,FT,Data Scientist,78000.0,USD,78000.0,US,100.0,US, M 
527.0,2022.0,SE,FT,data analyst,,USD,826117.0057942844,US,100.0,,M
528.0,2022.0,SE,FT,Data Analyst,100000.0,USD,100000.0,US,100.0,870,M
,2022.0,SE,FT,,90320.0,USD,90320.0,US,100.0,870,M
530.0,2022.0,MI,FT,,85000.0,,,CA,0.0,,M
,2022.0,MI,FT,,75000.0,USD,75000.0,CA,0.0,CA,M
532.0,2022.0,SE,FT,Machine Learning Engineer,,lSD,214000.0,US,479.04076496404775,US,M
533.0,2022.0,se,FT,machine learning engineer,192600.0,USD,192600.0,,100.0,,M
534.0,2022.0,SE,FT,Data Architect,266400.0, USD ,266400.0,US,479.04076496404775,US,M
535.0,2022.0,SE,522,,213120.0,usd,213120.0,US,100.0,Ug,M
536.0,2022.0,SE,ft,Data Analyst,112900.0,UeD,112900.0,US,100.0,,M
537.0,2022.0,SE,ft,Dcta Engineer,155000.0,USD,155000.0, US ,100.0,US,M
2057.3515686962915,2022.0,MI,FT,Data Scientist,141300.0,USD,141300.0,US,0.0,870,M
539.0,2022.0,MI,FT,Data Scientist,102100.0,USD,102100.0,,0.0,US,M
540.0,2022.0,SE,FT,Data Analyst,115934.0,,115934.0,US,,US,M
541.0,2022.0,SE,FT,Data Analyst,16529862.09197453,USD,81666.0,US,100.0,,M
542.0,2022.0,MI,FT,Data Engineer,206699.0,,206699.0,US,0.0,US,M
2057.3515686962915,2022.0, eI ,iT,Data Engineer,99100.0,USD,99100.0,US,0.0, US ,M
544.0,2022.0,SE,,Dada Engineer,130000.0,USD,130000.0,US,100.0,us,M
2057.3515686962915,2022.0,,,qata Engineer,,USD,115000.0,US,100.0,,M
546.0,2022.0,SE,FT,Data Engineer,16529862.09197453,USD,110500.0,US,100.0,US,M
547.0,2022.0,,FT, Data Engineer ,130000.0,USD,130000.0,US,100.0,,M
2057.3515686962915,2022.0,SE,, Data Analyst ,99050.0,USD,99050.0,US,100.0,US,M
549.0,2022.0,SE,522,Data Engineer,160000.0,USD,160000.0,US,100.0,US,M
,2022.0,,FT,Data Scientist,205300.0,USD,205300.0,US,0.0,US,L
551.0,2022.0,SE,522,Data Scientist,140400.0,USD,140400.0,US,479.04076496404775,US,L
552.0,2022.0,SE,522,Data Scientist,176000.0,USD,176000.0,US,100.0,US,M
553.0,2022.0,SE,522,Data Scientist,16529862.09197453,USD,144000.0,US,100.0,US,M
554.0,2022.0,SE,FT,Data Engineer,200100.0,USD,200100.0,US,100.0,870,M
555.0,2022.0,SE,,Data Engineer,160000.0,,160000.0,US,100.0,US,M
556.0,2022.0,SE,522, Data Engineer ,145000.0,USD,145000.0,US,100.0,US,M
557.0,2022.0,se,FT,Data Engineer,70500.0,USD,70500.0, US ,479.04076496404775,US,M
558.0,2022.0,SE,FT,Data Scientist,16529862.09197453,USe,205300.0,US,0.0,US,M
559.0,2022.0,SE,FT,Data Scientist,140400.0,USD,140400.0,US,0.0,US,M
,2022.0,SE,FT,Analytics Engineer,205300.0,USD,205300.0,,0.0,US,M
561.0,2022.0,SE,FT,Analytics Engineer,184700.0, USD ,184700.0,,0.0,US,M
562.0,2022.0,SE,FT,Data Engineer,,USD,175100.0,US,100.0,US, M 
563.0,2022.0,SE,FT,Data Engineer,140250.0,uad,140250.0,US,100.0,US,M
564.0,2022.0,SE,FT,,116150.0,USD,,US,100.0,US,M
565.0,2022.0,SE,yT,Data Engineer,54000.0,USD,54000.0,US,0.0,US,M
566.0,2022.0,SE,522,Data Analyst,170000.0,usd,170000.0,US,100.0,US,M
567.0,2028.3402280298733, sI ,FT,Data Analyst,50000.0,GnP,65438.0,GB,,,M
568.0,2022.0,,FT,Data Analyst,,USD,80000.0,US,100.0,US,M
569.0,2022.0,SE,Fw,Data Scientist,140000.0,USD,140000.0,US,100.0,US,M
570.0,2022.0,SE,FT,Data Scientist,210000.0,USD,210000.0,US,100.0,US,M
571.0,2022.0,SE,522,Dqta Scientist,140000.0,,,Uc,100.0,US,M
572.0,2022.0,uE,522,Data Analyst,100000.0,USD,100000.0,US,479.04076496404775,Uq,M
573.0,2028.3402280298733,SE,FT,Data Analyst,69000.0,,69000.0,US,100.0,US,M
,2022.0,SE,FT,Data Scientist,210000.0,USD,826117.0057942844,US,100.0,US,M
575.0,2022.0,SE,FT,Data Scieetist,140000.0,USa,140000.0,US,100.0,US,m
576.0,2022.0,SE,FT,data scientist,210000.0,,210000.0,US,100.0,US,
577.0,2022.0,SE,FT,Data Analyxt,150075.0,jSD,150075.0,US,100.0,US,M
,2022.0,SE,,Data Engineer,100000.0,USD,100000.0,US,100.0,,M
579.0,2022.0,SE,FT,Data Engineer,,USD,25000.0,US,100.0,US,
580.0,2022.0,SE,FT,Data Analyst,126500.0,USD,,US,100.0,US,M
581.0,2022.0,SE,FT,Data Analyst,106260.0,USD,106260.0,US,100.0,US,M
582.0,2022.0,SE,FT,Data Engineer,,USD,220110.0,US,100.0,870,M
583.0,2022.0,SE,FT,Data Englneer,160080.0,,,US,100.0,US,M
584.0,2022.0,SE,,Data Analyst,105000.0,USD,105000.0, US ,100.0,US,M
585.0,2022.0,SE,FT,Data Analyst,110925.0,USD,110925.0,US,100.0,US,M
586.0,2022.0,MI,FT,Data Analyst,35000.0,GBP,45807.0,eB,0.0,GB, M 
,2022.0,SE,FT,Data Scientist,140000.0,USD,140000.0,US,100.0,US,M
2057.3515686962915,,SE, FT ,,99000.0,USD,99000.0,US,0.0,US,M
589.0,2022.0,SE,FT,Data Analyst,60000.0,USD,60000.0,US,100.0,US,M
590.0,2022.0,SE,eT,Data Architect,192564.0,USD,192564.0,US,100.0,US,M
591.0,2022.0,SE,Fy,Data Architect,16529862.09197453,USD,144854.0,US,100.0,US,M
592.0,2022.0,SE,FT, Data Scientist ,230000.0,,,,100.0,US,M
593.0,2022.0,SE,FT,data scientist,,USD,826117.0057942844,US,100.0,US,M
594.0,2022.0,SE,FT,Data Analytics Manager,150260.0,USD,150260.0,US,100.0,rS,M
595.0,2022.0,SE,Fi,Data Analytics Manager,109280.0,USD,109280.0,US,100.0,US,M
596.0,2022.0,SE,522,Data Spientist,,USD,210000.0,us,100.0,US,M
597.0,2022.0,SE,FT,Data Analyst,170000.0,,,,479.04076496404775,us,M
598.0,2022.0,MI,FT,Data Sctentist,160000.0,USD,826117.0057942844,US,,US,M
599.0,,MI,FT,Data Scientist,130000.0,USD,130000.0,US,100.0, fS ,M
600.0,2022.0,EN,FT,Data Analyst,,USD,67000.0,CA,0.0,CA,M
,,wN,FT,Data Analyst,52000.0,USD,,,0.0,870,M
602.0,2022.0,SE,522,Data Engineer,154000.0,USD,154000.0,US,100.0,US,M
603.0,2022.0,SE,522,Data Engineer,126000.0,USD,,US,,870,m
604.0,2022.0,SE,FT,Data Analyst,129000.0,usd,129000.0,US,0.0,US,M
605.0,2022.0,SE,FT,Data Analyst,150000.0,USD,150000.0,us,100.0,870,M
606.0,2022.0,MI,,AI Scientist,200000.0,USD,200000.0,IN,100.0,US,L
